idparticipant,firstname,lastname,username,ccnum,address,age
1,Dianna,Boram,dboram0,56022208258929541,96 Shopko Circle,71
2,Michaeline,Hallward,mhallward1,348781261682369,530 1st Street,18
3,Earl,Escudier,eescudier2,6759629085733406,68332 Maywood Parkway,82
4,Vinny,Hame,vhame3,3547641002567910,27142 Eagle Crest Parkway,48
5,Glenn,Mateev,gmateev4,30169629014629,67264 Macpherson Crossing,66
6,Tootsie,Ambrosoni,tambrosoni5,3532814533192501,14 Almo Street,59
7,Dewitt,Winpenny,dwinpenny6,3540108612695777,544 Hoard Avenue,20
8,Abeu,Dickinson,adickinson7,3575124484453474,0648 Pine View Trail,101
9,Waverly,Farney,wfarney8,3559866768901210,8 Old Gate Street,56
10,Rochelle,Moylane,rmoylane9,589353946171622987,781 Grover Road,31
11,Francois,Lightwood,flightwooda,3548149726416959,9470 Toban Lane,100
12,Bernadene,Cowans,bcowansb,3530646716318897,9 Sutteridge Lane,72
13,Wylma,Micheau,wmicheauc,3541411959562298,04192 Fieldstone Street,44
14,Berky,Parrett,bparrettd,30529467225456,8 Ohio Alley,24
15,Brittan,Pally,bpallye,3553661785488622,30097 Graedel Park,27
16,Novelia,Pickle,npicklef,30071128541047,4078 Rowland Circle,71
17,Duky,Smedmoor,dsmedmoorg,4017959054925,61528 Helena Lane,90
18,Cathy,Kneeland,ckneelandh,3564476367641812,748 Forest Dale Circle,54
19,Wren,Vannozzii,wvannozziii,3556162008231987,72201 Brickson Park Lane,35
20,Vally,Newstead,vnewsteadj,6709775166586547848,5 Surrey Park,105
21,Flo,Itskovitz,fitskovitzk,3552827222962120,353 Beilfuss Trail,91
22,Elizabet,Hierro,ehierrol,3532501670422268,2 Carberry Place,96
23,Grover,Vannuccinii,gvannucciniim,3584003465864603,34929 Raven Park,59
24,Ingaborg,Butter,ibuttern,3559140223838890,1999 Golf View Plaza,86
25,Camella,Zuanazzi,czuanazzio,30466022404682,4 Magdeline Trail,31
26,Gunter,Wims,gwimsp,5038858937029466,201 Judy Center,36
27,Agnesse,Scandwright,ascandwrightq,6333537328814805210,3 Holmberg Center,48
28,Gradey,Grubey,ggrubeyr,3546111155534639,814 Memorial Street,72
29,Sunny,Malinson,smalinsons,3562860840294855,8966 Kennedy Alley,68
30,Kora,Clothier,kclothiert,3550029860434676,15 Lawn Lane,24
31,Dorey,Braycotton,dbraycottonu,4026394803699932,344 Elgar Hill,34
32,Toinette,Feldstein,tfeldsteinv,4017951029291397,0 Swallow Alley,66
33,Paige,Beesley,pbeesleyw,3532581454050782,0 Scott Street,84
34,Ryann,Noore,rnoorex,3584999758436530,62771 Kipling Trail,18
35,Ernst,O'Hagan,eohagany,30101808365720,56202 Randy Pass,76
36,Jannelle,Peppard,jpeppardz,30172041342123,4801 Banding Point,30
37,Lacee,Feeley,lfeeley10,4913594164306490,56 Morrow Junction,35
38,Virge,Goodbur,vgoodbur11,63042537610502642,324 Boyd Alley,96
39,Sibella,Tilson,stilson12,201673167100677,30 Magdeline Center,72
40,Sigismund,Jiras,sjiras13,30493079839743,53 Acker Road,74
41,Saba,Cristea,scristea14,564182700573407079,79639 Grover Lane,25
42,Nona,Espinazo,nespinazo15,3554400337285593,23 Huxley Road,89
43,Fay,Dufoure,fdufoure16,5020927861673231062,9 Monica Avenue,89
44,Berkley,Lammiman,blammiman17,3581995517415974,674 Bluestem Pass,109
45,Rachele,Wardrop,rwardrop18,3550538911825435,53 Declaration Drive,94
46,Bud,Michurin,bmichurin19,201874051021298,66 Shasta Parkway,49
47,Alair,Balasin,abalasin1a,4813052429935,819 Ridgeway Junction,36
48,Cherey,Hoyte,choyte1b,4917543742238358,01 Transport Crossing,93
49,Spence,Wickardt,swickardt1c,4175002069772090,0549 Transport Crossing,80
50,Gualterio,Denington,gdenington1d,3530972580343427,42 Hayes Road,85
51,Renelle,Tsarovic,rtsarovic1e,4026717740705968,85 Luster Point,36
52,Eulalie,Kemmey,ekemmey1f,5610039930013411,2 Portage Hill,93
53,Nolana,Waything,nwaything1g,3577484046666460,843 Huxley Plaza,27
54,Alix,Reeday,areeday1h,5893351212353276,0795 Grayhawk Plaza,20
55,Tine,Batchelour,tbatchelour1i,4905026293935247301,4136 Lakeland Lane,98
56,Merrielle,Ollivierre,mollivierre1j,4913859521810033,7 Charing Cross Parkway,81
57,Cass,Matusovsky,cmatusovsky1k,4508912268751513,49 School Park,82
58,Arliene,Durant,adurant1l,3566194292820256,035 Fuller Park,64
59,Lynda,Thorington,lthorington1m,3556570408995417,830 Atwood Way,25
60,Neils,Davidy,ndavidy1n,6762890866559627,3 Center Center,80
61,Farrell,Greenrodd,fgreenrodd1o,3535439608588271,288 Dapin Parkway,65
62,Cris,Kleinbaum,ckleinbaum1p,4041592281976,3 Hallows Park,28
63,Conny,Michin,cmichin1q,3589867684067205,58 Packers Street,63
64,Corrine,Rubenczyk,crubenczyk1r,3530258003953731,85549 Macpherson Alley,42
65,Stirling,Yancey,syancey1s,6331105943860464,76899 Erie Alley,90
66,Dionne,Monini,dmonini1t,4671278316887746,00350 Bobwhite Place,96
67,Tommy,Nevitt,tnevitt1u,3583181032649466,52 Little Fleur Place,75
68,Daune,Flacknoe,dflacknoe1v,3551074896875426,60 Veith Trail,72
69,Monique,Labat,mlabat1w,3556781557185144,94 Drewry Way,70
70,Avictor,Mudge,amudge1x,4917740537810736,105 Becker Lane,101
71,Demetra,Dies,ddies1y,5528462011857962,4 Hanover Terrace,27
72,Raychel,Hallick,rhallick1z,3528234283831735,54 Atwood Circle,90
73,Marlo,Stickles,mstickles20,63048638072168858,69943 Westport Crossing,52
74,Cyrus,Kerrich,ckerrich21,3576248052535690,386 Shasta Road,105
75,Edyth,Wharton,ewharton22,3564129282992972,9755 Luster Place,93
76,Larisa,Measom,lmeasom23,3579107786245785,56 Moland Terrace,50
77,Bent,Allicock,ballicock24,3533925035580560,4282 Melrose Street,71
78,Lillian,Heimes,lheimes25,201497042995667,59 Anderson Place,58
79,Mark,Gilvary,mgilvary26,3579364336358465,523 Schurz Park,61
80,Artur,Pragnall,apragnall27,30553501710125,1788 Scofield Center,78
81,Gloriane,Chataignier,gchataignier28,3580122912381765,96093 Westridge Drive,92
82,Waylen,Spurman,wspurman29,30173323167345,8871 Southridge Street,23
83,Salomon,Budnk,sbudnk2a,4041374698355,1053 Pleasure Terrace,102
84,Jojo,Caisley,jcaisley2b,3544980979281235,76 Twin Pines Way,106
85,Celia,Cockayne,ccockayne2c,560222440553946917,766 Chive Pass,26
86,Conrad,Gonzalez,cgonzalez2d,5142190653222866,2148 Donald Junction,52
87,Lars,Durbann,ldurbann2e,3543737940090348,422 Lyons Point,38
88,Mitchel,Jameson,mjameson2f,4041372671602,3 Fairfield Lane,40
89,Dorolisa,Rainard,drainard2g,3552664698181160,59577 School Plaza,67
90,Sydney,Eickhoff,seickhoff2h,3560451223745754,6 Mesta Way,30
91,Eustace,Sawney,esawney2i,3575658058877022,400 Emmet Parkway,82
92,Jereme,Gunston,jgunston2j,3577496699247794,7360 Upham Parkway,33
93,Vivyan,Sapp,vsapp2k,3543314869398886,3095 Elka Hill,75
94,Rhys,Cajkler,rcajkler2l,3540252423936606,585 Bayside Street,97
95,Katti,Bertomeu,kbertomeu2m,3529164158037218,87 Porter Parkway,101
96,Fianna,Treat,ftreat2n,3568487465055793,663 Dwight Lane,88
97,Ansley,Teodorski,ateodorski2o,5108755377269435,05702 Sachtjen Park,67
98,Marijo,Warratt,mwarratt2p,630486964087027607,80459 Dennis Plaza,57
99,Orel,Wharmby,owharmby2q,3553864510113255,15 Ryan Way,25
100,Alister,Scutter,ascutter2r,6333825428219617,90 Tomscot Trail,97
101,Billye,Ravenscraft,bravenscraft2s,4936341224744063319,9 Oakridge Road,43
102,Isaiah,Reah,ireah2t,36251283521398,0 Maywood Terrace,93
103,Nicoline,Nerger,nnerger2u,201496263775329,7985 Hanover Place,54
104,Christal,Tebbs,ctebbs2v,4903467682631941,3 Oak Valley Avenue,57
105,Walden,Songust,wsongust2w,3542266540359896,5 Monument Drive,37
106,Trixy,Gallico,tgallico2x,3576619777993747,33111 Hagan Avenue,20
107,Sidonia,Campbell-Dunlop,scampbelldunlop2y,30439113836252,93 Twin Pines Terrace,89
108,Raimondo,Loidl,rloidl2z,3586607646326049,9529 Trailsway Drive,53
109,Barb,Chazerand,bchazerand30,30058878833518,8 Morrow Hill,92
110,Sid,Figliovanni,sfigliovanni31,3578576188081710,45313 Independence Place,99
111,Jacques,Jealous,jjealous32,3550468159262176,04 Pawling Hill,93
112,Berte,Leach,bleach33,5602236939837879,061 Bonner Crossing,61
113,Faith,Rhydderch,frhydderch34,201534796620289,1643 East Road,85
114,Henrietta,Sheal,hsheal35,5010129391107293,5986 4th Alley,26
115,Pammi,Pedrazzi,ppedrazzi36,5602213021559398,22 Emmet Park,44
116,Edie,Hatliffe,ehatliffe37,3557207313123871,11733 Forest Junction,41
117,Elsinore,Tumelty,etumelty38,5602231808666905,5134 Summit Trail,50
118,Nicoli,Wolland,nwolland39,4913713785405487,0 Roth Street,110
119,Pembroke,Rubertelli,prubertelli3a,3534220226493842,688 Kinsman Trail,36
120,Hannah,Mc Comb,hmccomb3b,3576508728922048,65 Di Loreto Center,41
121,Ninetta,Hamflett,nhamflett3c,50385915040952649,0 Center Park,65
122,Cointon,Eyckelbeck,ceyckelbeck3d,3531157137202354,3680 Sachs Plaza,29
123,Ric,Kaesmans,rkaesmans3e,373103786440348,3570 Manitowish Alley,22
124,Reinhard,Denis,rdenis3f,6382957028530695,246 Marcy Plaza,50
125,Kalina,Medmore,kmedmore3g,564182934421601886,7587 Sloan Parkway,81
126,Hall,Cornau,hcornau3h,3554250878486955,206 Kennedy Junction,71
127,Vanessa,Rickerby,vrickerby3i,201587221893095,61890 Ronald Regan Plaza,58
128,Holly-anne,Prescott,hprescott3j,3534351043869417,27 Porter Road,85
129,Sharon,Reolfo,sreolfo3k,4041590976119795,6 Clyde Gallagher Pass,98
130,Dorey,Blose,dblose3l,201595281133799,596 Washington Place,20
131,Dennis,Feedome,dfeedome3m,633110808387695845,8087 Duke Plaza,25
132,Ferdy,Davydoch,fdavydoch3n,50183122487734564,68 School Center,21
133,Renae,McCreagh,rmccreagh3o,3588283987632110,8 Porter Drive,45
134,Marlena,McCracken,mmccracken3p,30479756308706,2421 Hayes Avenue,69
135,Jehanna,Mattityahou,jmattityahou3q,5100132075449404,8 Reindahl Circle,82
136,Vanda,Corrison,vcorrison3r,5505069771579434,36452 East Crossing,73
137,Freddy,Wakeman,fwakeman3s,56022425563333710,055 Village Way,53
138,Noah,Precious,nprecious3t,5602238324961059298,08 Independence Court,29
139,Tabor,Clowser,tclowser3u,564182760038060061,375 Westridge Center,105
140,Sayre,Masurel,smasurel3v,5602250273937903894,09976 Portage Street,37
141,Honor,Jovic,hjovic3w,6377624017684050,1010 Independence Plaza,18
142,Zea,Moy,zmoy3x,3535156204418378,76928 Birchwood Road,24
143,Theodore,Marfell,tmarfell3y,5577704829733954,56 Straubel Way,100
144,Lilly,Wrightam,lwrightam3z,3564311183593634,89199 Elmside Junction,77
145,Neda,Gowrich,ngowrich40,5602228651548966,73 Raven Street,102
146,Moshe,Magauran,mmagauran41,3541764177610418,51086 Blaine Center,90
147,Odey,Gurnee,ogurnee42,5602221590833284,630 Mockingbird Center,80
148,Vivienne,Ionnidis,vionnidis43,3531010331394420,320 Hintze Point,34
149,Bink,Ebanks,bebanks44,3556616805697245,6 Dakota Parkway,21
150,Georgiana,Rayburn,grayburn45,3555524229487394,920 Clemons Drive,104
151,Nataniel,Wyburn,nwyburn46,3584322175530365,92 Sutherland Street,25
152,Taffy,Glazer,tglazer47,374283110330883,4666 Harbort Parkway,26
153,Ripley,Weekley,rweekley48,3547306505176243,0466 Scott Plaza,99
154,Barret,Deschelle,bdeschelle49,3550592477704906,664 Bluejay Plaza,87
155,Derk,Maevela,dmaevela4a,3570002640860250,2928 Golf View Point,39
156,Barb,Dreini,bdreini4b,4026499047796046,0 New Castle Crossing,72
157,Oberon,Alphonso,oalphonso4c,4508939998087462,9371 Buhler Circle,106
158,Ivan,Lambart,ilambart4d,3565657957027251,036 Hanson Circle,78
159,Letitia,Osmar,losmar4e,3536098668786727,19 Declaration Parkway,89
160,Nikola,Lund,nlund4f,3552976289177286,2 Michigan Point,72
161,Abe,Daniau,adaniau4g,3578918471394840,0 Anniversary Court,26
162,Lyn,Espadero,lespadero4h,5610398845594091,4 Shoshone Point,100
163,Ralf,Pere,rpere4i,3549524952833508,72946 Elmside Place,107
164,Maud,Managh,mmanagh4j,201677703125098,3 Springview Road,32
165,Marieann,Scriver,mscriver4k,0604129541098224072,7 8th Hill,85
166,Tamarra,Davidovitz,tdavidovitz4l,201428642389290,3 Riverside Street,50
167,Stewart,Suttell,ssuttell4m,3575122682381299,98156 Monterey Trail,101
168,Sabina,Figgs,sfiggs4n,3575438278446696,54754 Monica Road,86
169,Garek,Noye,gnoye4o,3554152931460391,3 Bonner Pass,103
170,Wilbert,Dymick,wdymick4p,3544743508023761,53 Mcguire Crossing,29
171,Theresa,Greeveson,tgreeveson4q,3587058653924905,2 Sycamore Pass,58
172,Melli,Bass,mbass4r,5213822360107014,55390 Sherman Drive,25
173,Steven,McCrisken,smccrisken4s,3528697939083507,610 La Follette Place,89
174,Ida,Zellner,izellner4t,5048370040030249,7 Petterle Crossing,59
175,Sidonnie,Brownrigg,sbrownrigg4u,502050476428500645,43 Havey Park,82
176,Micaela,Bengtson,mbengtson4v,3554230538469690,24 Texas Place,54
177,Ryann,Stocks,rstocks4w,3528744614721728,979 Forest Parkway,23
178,Toby,Coopman,tcoopman4x,4017956323902763,832 Monument Terrace,70
179,Krystle,Deverill,kdeverill4y,4017955537279,78 Macpherson Circle,42
180,Orsa,Parkes,oparkes4z,30364888389966,9731 Melrose Circle,60
181,Harper,Amys,hamys50,3580611879738231,17 Buena Vista Hill,89
182,Elvin,Pentycost,epentycost51,3548033323935258,593 Thompson Drive,18
183,Gonzales,Pinchin,gpinchin52,5100175544088949,8 Calypso Place,63
184,Jazmin,Effaunt,jeffaunt53,30539054733879,5544 Raven Trail,103
185,Allianora,Sproat,asproat54,3542277306303747,2709 Arizona Way,102
186,Paulie,Safhill,psafhill55,3529599782509456,56 Stephen Lane,73
187,Norris,Sanney,nsanney56,4844356422041960,96 Sheridan Trail,21
188,Garrek,Luckey,gluckey57,3555329759389691,09 Daystar Park,69
189,Peri,Corradengo,pcorradengo58,3536220199401572,3 Forest Run Parkway,50
190,Chevalier,Lapthorn,clapthorn59,564182401185570327,4248 Straubel Crossing,66
191,Serene,Kennaway,skennaway5a,676148618336957435,450 5th Terrace,41
192,Silvester,Houson,shouson5b,3583653037451437,114 Oriole Point,19
193,Peria,Ruddlesden,pruddlesden5c,201915987228984,606 Kedzie Street,27
194,Verene,Bembrick,vbembrick5d,3535011436178979,3 Vahlen Trail,36
195,Fabian,Douty,fdouty5e,3533034112603195,75 Ridgeway Plaza,51
196,Gamaliel,Nerger,gnerger5f,3538846008588551,982 Jenna Avenue,32
197,Fran,Pendreigh,fpendreigh5g,3588005858652988,5 Dovetail Place,46
198,Berty,Pouck,bpouck5h,3577577926675251,082 Sullivan Point,99
199,Dannye,McEntegart,dmcentegart5i,3581281117564309,06 Starling Avenue,106
200,Camilla,Karolovsky,ckarolovsky5j,372301266890591,63509 Knutson Parkway,45
201,Rodrick,Tinghill,rtinghill5k,6759470210234576,08091 Kennedy Park,56
202,Genny,Drepp,gdrepp5l,3545326250904377,04648 Northland Pass,103
203,Carmencita,Wagge,cwagge5m,343113601731695,7 Maple Wood Avenue,57
204,Jill,Bendtsen,jbendtsen5n,4936634761296646,0620 Valley Edge Way,78
205,Lenora,Adger,ladger5o,3583526229581098,4991 Pennsylvania Plaza,55
206,Ellynn,Onge,eonge5p,3572579485291566,108 Hazelcrest Lane,35
207,Gifford,Kipping,gkipping5q,3534998570893614,63745 Waubesa Way,101
208,Liza,Lovegrove,llovegrove5r,633110546152213291,5826 Southridge Way,30
209,Baudoin,Janzen,bjanzen5s,491118210268264343,61 Hudson Road,74
210,Sarah,Sparey,ssparey5t,3540964228120463,329 Homewood Lane,92
211,Townsend,Quantick,tquantick5u,5386407438251282,3 Menomonie Street,36
212,Hoyt,Geeson,hgeeson5v,3546468395534989,3 Dawn Junction,30
213,Gray,Jeaffreson,gjeaffreson5w,56022566385981689,5104 Atwood Trail,89
214,Gwenora,Fibbitts,gfibbitts5x,3586981723013105,5 Morning Trail,102
215,Jori,Joy,jjoy5y,5048370482933462,1 Hoffman Terrace,61
216,Evered,Hendren,ehendren5z,201440607400996,16 Columbus Avenue,74
217,Marje,Foulger,mfoulger60,6759955173257051,2 1st Park,55
218,Pablo,Headrick,pheadrick61,4508694187004048,32 Lake View Junction,43
219,Hatti,Hartland,hhartland62,4905840784408616,1241 Vahlen Avenue,31
220,Mavis,MacNalley,mmacnalley63,5100170866996191,643 Autumn Leaf Avenue,19
221,Blair,Stearne,bstearne64,3578758346024846,00 Village Green Trail,39
222,Tracie,Castagne,tcastagne65,5436215157459188,62643 Magdeline Park,61
223,Rubina,Roubert,rroubert66,4041374115921,0 Grover Court,35
224,Nil,Hains,nhains67,3563689490653899,85 Mayfield Park,44
225,Lory,Lawler,llawler68,5194484411053607,1578 Weeping Birch Terrace,91
226,Beryle,Brandassi,bbrandassi69,3569921447936646,11194 Arapahoe Park,47
227,Tildi,Shellcross,tshellcross6a,3581401919900697,1 2nd Road,55
228,Dimitry,Kennedy,dkennedy6b,201602849971130,602 Maryland Plaza,73
229,Nata,Collaton,ncollaton6c,3568106959245054,73 Porter Center,100
230,Mychal,Shermar,mshermar6d,3529356860807363,3 Randy Trail,75
231,Clemence,Snookes,csnookes6e,3560139615033653,13987 Hoffman Place,68
232,Justina,Pullin,jpullin6f,6393145239411023,66381 Del Sol Lane,102
233,Ikey,Cowthard,icowthard6g,3532404253134899,21050 Dorton Parkway,64
234,Foster,Tatlow,ftatlow6h,5010126021405352,6824 Leroy Avenue,98
235,Kelsey,Wolsey,kwolsey6i,6763184258556169372,1 Cottonwood Crossing,55
236,Suzanna,Stains,sstains6j,5488930290651866,67176 Forest Street,38
237,Cate,Brear,cbrear6k,5610216453377767,4 Scott Junction,64
238,Constanta,Tough,ctough6l,3579296568047269,60 Sauthoff Way,29
239,Stirling,Corrie,scorrie6m,3571779855626273,7 Hudson Trail,45
240,Trent,Conkey,tconkey6n,30360299898983,82 Messerschmidt Junction,41
241,Calli,Christoforou,cchristoforou6o,3577029377382896,737 Stoughton Road,54
242,Tull,Cornilli,tcornilli6p,3589650690548297,0 Anhalt Circle,99
243,Meghann,Shotter,mshotter6q,5007661213219000,41058 Bunker Hill Trail,80
244,Glenn,Joinsey,gjoinsey6r,5602251752259945,87427 Stuart Court,74
245,Kettie,Crab,kcrab6s,633110826795382236,29034 Clove Plaza,43
246,Mufi,Blackmoor,mblackmoor6t,3569369393380007,0 Blue Bill Park Alley,41
247,Derrick,Greson,dgreson6u,3558679934267510,45 Eagan Place,42
248,Gerrie,Beswetherick,gbeswetherick6v,5551253416920871,80549 Stuart Avenue,39
249,Hirsch,Crittal,hcrittal6w,589301718082012951,7 Clarendon Center,18
250,Belicia,Storie,bstorie6x,3544261694806956,461 Havey Alley,102
251,Gonzalo,Goacher,ggoacher6y,3546865356459454,2006 Maple Way,50
252,Rickey,Tock,rtock6z,3545402477542710,66 Anniversary Place,51
253,Kingsly,Denidge,kdenidge70,4508241713212032,17126 Melby Hill,46
254,Estella,Canto,ecanto71,0604707925912446,4690 Thackeray Circle,29
255,Waring,Feake,wfeake72,3533181220057366,992 Schiller Center,96
256,Legra,Rosiello,lrosiello73,3586612788499455,1 Schiller Pass,28
257,Willa,Drynan,wdrynan74,3560287749117916,7 Merchant Park,21
258,Fax,Orcas,forcas75,6767838369238111,79 Eggendart Junction,79
259,Latisha,Gainsburgh,lgainsburgh76,3564973470829912,34 Crowley Place,100
260,Nanete,Bootherstone,nbootherstone77,3550174659860846,80031 Springs Center,43
261,Dwain,Meneghelli,dmeneghelli78,3542282314565931,345 Havey Road,94
262,Etty,Bretland,ebretland79,560221348391654950,3 Continental Crossing,86
263,Clarence,Cruwys,ccruwys7a,3553933627743708,6135 Sunnyside Avenue,37
264,Tasia,Cristobal,tcristobal7b,3566240174637779,06289 Kensington Parkway,45
265,Krystalle,Eake,keake7c,3567303035855946,1 2nd Center,94
266,Lira,Peachman,lpeachman7d,4508702657269932,3 Colorado Road,52
267,Nico,Flade,nflade7e,3570989080075623,5234 Eastwood Park,71
268,Alberta,Dooman,adooman7f,5602231738865275899,2074 Gulseth Pass,97
269,Klara,Wathen,kwathen7g,5048372547303848,7 Crescent Oaks Place,42
270,Agnesse,Nail,anail7h,5349278971688446,3478 Del Mar Junction,60
271,Hollyanne,Smorthit,hsmorthit7i,3542422915899699,1 Hauk Place,41
272,Gabe,Warlaw,gwarlaw7j,5610295772928161,1781 Pankratz Avenue,27
273,Gawen,Pownall,gpownall7k,3533264301800522,15 Birchwood Way,50
274,Benjy,Gowing,bgowing7l,3549984421493070,28 American Way,57
275,Georgeta,Rayburn,grayburn7m,6333238750155666,1186 Sherman Lane,27
276,Estel,Kirrage,ekirrage7n,30404316678695,0176 Bobwhite Road,101
277,Babs,Levick,blevick7o,5018564919458178,799 Redwing Street,30
278,Enoch,Lehr,elehr7p,5559584244091457,842 Badeau Junction,109
279,Goddard,Petschelt,gpetschelt7q,3556325349108533,83479 Bobwhite Avenue,31
280,Chrystal,Bewley,cbewley7r,3580341600232755,97 Manitowish Trail,45
281,Herta,Jacobowitz,hjacobowitz7s,4405000537312749,17551 Mccormick Road,52
282,Jaime,Penwright,jpenwright7t,670939089102772877,3 Kim Crossing,27
283,Andy,Maddox,amaddox7u,56022337795777657,63259 Meadow Ridge Crossing,72
284,Olivier,Simonutti,osimonutti7v,201742181844295,1592 Scofield Drive,38
285,Roseann,Gatesman,rgatesman7w,3557918921016634,285 Golf View Point,26
286,Hayyim,Waterstone,hwaterstone7x,36528046951511,7 Texas Plaza,66
287,Aurie,Domke,adomke7y,5100142812849618,832 Hazelcrest Hill,90
288,Byrom,Imloch,bimloch7z,345433339320480,8756 Burrows Junction,21
289,Ulises,Scougall,uscougall80,3538667993978551,59 Vermont Lane,74
290,Delora,Kohter,dkohter81,3544946279243746,8 Continental Center,80
291,Birch,Haug,bhaug82,3572476295506467,6 Maple Wood Street,27
292,Trudy,Reddihough,treddihough83,6381703029019291,1104 Bellgrove Street,29
293,Karena,Pautard,kpautard84,5002354893307940,0618 Sundown Lane,44
294,Marcelline,Stone,mstone85,377189042608006,54 Forest Dale Crossing,106
295,Daffie,Siveter,dsiveter86,3546455932720502,0895 Schurz Place,33
296,Elyse,Catlow,ecatlow87,3583172410035741,2 Kenwood Plaza,97
297,Marina,Bewlie,mbewlie88,5048372991914827,9 Pepper Wood Road,30
298,Rubin,Gambie,rgambie89,3538773024931534,8170 Lawn Terrace,59
299,Dario,Thomsen,dthomsen8a,4844800386812130,49 Montana Center,96
300,Manya,Buxton,mbuxton8b,3568975914055448,488 Blackbird Trail,19
301,Judas,Ebhardt,jebhardt8c,3529094197616955,25 4th Court,19
302,Dorie,Clampett,dclampett8d,30049566443231,6966 Merchant Park,85
303,Claresta,Luckett,cluckett8e,4041598529832,56 Sunfield Park,56
304,Jamill,Lorait,jlorait8f,3544418852197889,956 Waubesa Street,89
305,Carly,Laviste,claviste8g,5602217555130583,585 Bayside Crossing,20
306,Buck,Helks,bhelks8h,3544206114803745,3755 Little Fleur Hill,88
307,Ariadne,Piwall,apiwall8i,3535992061016198,128 Warner Junction,110
308,Lavina,O'Kennavain,lokennavain8j,30094264426252,174 Duke Lane,69
309,Osmund,Bachelor,obachelor8k,3576427375714345,6321 Sunnyside Terrace,86
310,Wallis,Blackborow,wblackborow8l,67060534072331865,68722 Ludington Court,107
311,Violette,Rodder,vrodder8m,3578764394351396,74 Comanche Street,45
312,Jermaine,Barendtsen,jbarendtsen8n,374622126126456,603 Namekagon Center,49
313,Rory,Seggie,rseggie8o,3550906516775422,45 Rigney Pass,26
314,Chester,Martell,cmartell8p,3548751828658717,19050 3rd Terrace,82
315,Shaina,Petticrew,spetticrew8q,5602243211204968,28113 Vahlen Center,76
316,Katine,Shickle,kshickle8r,3566603928674838,520 Carberry Road,46
317,Jeana,Quarrington,jquarrington8s,3545429412139278,8016 Miller Road,47
318,Alexina,Balmforth,abalmforth8t,3539007243487484,388 Petterle Park,83
319,Matthew,Hansard,mhansard8u,5580855041138136,5895 Nova Center,24
320,Georgeanne,Owlner,gowlner8v,3566988092412457,842 Warner Pass,43
321,Yvor,Durling,ydurling8w,6709039029368010751,559 Toban Center,108
322,Lexis,Rawlin,lrawlin8x,5100144496112776,636 Oak Avenue,21
323,Rae,Toupe,rtoupe8y,6380435700860187,7 Roxbury Crossing,97
324,Aleen,Dearell,adearell8z,5610699641923453,457 Hoard Pass,81
325,Gwenora,Tant,gtant90,3584056859926362,1 Butternut Street,32
326,Tiffie,Duly,tduly91,5460763545979408,89612 Thackeray Circle,86
327,Feodora,Bolton,fbolton92,5018928068432781,474 Sachtjen Pass,52
328,Ari,Kenneway,akenneway93,3541830310914999,0 Homewood Pass,51
329,Allx,Northgraves,anorthgraves94,5108754494030176,0 Hanson Crossing,92
330,Jonah,Utton,jutton95,4017954191873877,7 Morrow Parkway,70
331,Leda,Frickey,lfrickey96,5610230188683472,19 Hanson Lane,92
332,Agustin,Banham,abanham97,201690159909261,3 Clemons Circle,97
333,Daron,Conrard,dconrard98,5447235748711043,5 Forest Road,65
334,Giraldo,Waltering,gwaltering99,3554369333880675,7855 Hoard Lane,47
335,Dorelle,Sibun,dsibun9a,50189188637660912,692 School Point,79
336,Blaine,Scorey,bscorey9b,3531956996267519,4 Pankratz Road,107
337,Enriqueta,Dudderidge,edudderidge9c,4844079578563484,0 Corscot Parkway,78
338,Colman,Graham,cgraham9d,3578027271566662,0 Eliot Drive,73
339,Eleonore,Scarff,escarff9e,4936008473556862,0888 Summer Ridge Parkway,82
340,Mickie,Quarton,mquarton9f,6334997726341947986,5217 Meadow Ridge Road,83
341,Ardath,Gettins,agettins9g,4175000030201116,816 Reinke Road,21
342,Filberto,Beggin,fbeggin9h,3557331746775410,10 Thackeray Point,20
343,Cherri,Belfrage,cbelfrage9i,374283912000791,605 Hauk Crossing,34
344,Taylor,Willshear,twillshear9j,5602212945085654,8 Prairieview Plaza,108
345,Auguste,Marcussen,amarcussen9k,560224657545735854,96 New Castle Lane,30
346,Cathrin,Ort,cort9l,4041375708030043,100 Sauthoff Hill,68
347,Sherri,Cassar,scassar9m,5367010414222781,77 Golf Plaza,23
348,Marketa,McKevany,mmckevany9n,30281355042615,822 Hoard Parkway,62
349,Trumaine,Bilovus,tbilovus9o,3552730022478562,3 Grayhawk Court,33
350,Joye,Orpin,jorpin9p,3581341916566382,1 Lakeland Center,99
351,Lori,Walthew,lwalthew9q,5477257489347129,585 Quincy Parkway,21
352,Stern,Godbert,sgodbert9r,3566152721328812,5023 Anniversary Parkway,57
353,Earvin,Arnout,earnout9s,060402389190608229,76 Waxwing Park,72
354,Electra,Welds,ewelds9t,5415428733108394,7 Hanson Court,87
355,Bevon,Goldson,bgoldson9u,5602253910321633,01444 Northwestern Drive,86
356,Farris,Milkeham,fmilkeham9v,201546098052292,74842 Arizona Drive,72
357,Madelaine,Balfre,mbalfre9w,3540002170849852,628 Beilfuss Plaza,24
358,Englebert,Fenney,efenney9x,3577861857463287,69251 Muir Alley,110
359,Ruttger,Akehurst,rakehurst9y,4017953190549314,528 Prentice Court,21
360,Fabiano,Burgne,fburgne9z,6331100803576755,42 Stephen Road,109
361,Mannie,Prenty,mprentya0,3565810660730642,906 1st Place,105
362,Andres,Arnould,aarnoulda1,3548355634826656,9119 South Road,24
363,Glory,Gertray,ggertraya2,5018256817595637,968 Acker Junction,93
364,Genia,Ilieve,gilievea3,5108756860357612,1088 Lillian Circle,96
365,Verine,Maddaford,vmaddaforda4,3577202942144055,73 Stuart Terrace,57
366,Garrick,Itscowics,gitscowicsa5,670612683887939471,8509 Clarendon Parkway,89
367,Eldon,Linwood,elinwooda6,3546676552103444,8 Boyd Plaza,70
368,Adlai,Waple,awaplea7,5641821392609323542,17 Iowa Avenue,96
369,Prue,Yakushkev,pyakushkeva8,201452820033090,113 Debs Court,101
370,Ibrahim,Blumire,iblumirea9,3579524242450140,9195 Kinsman Pass,100
371,Christiane,Pawlick,cpawlickaa,3565219858689935,16721 Jana Court,62
372,Mathe,Rangell,mrangellab,5100176206266542,623 Union Terrace,104
373,Ulrika,Blackhall,ublackhallac,5020299979863027,71077 Mallard Park,59
374,Verney,Morrad,vmorradad,3562242150621417,419 Vernon Street,38
375,Ruttger,Briat,rbriatae,3555696867898858,0860 1st Circle,46
376,Lock,Symper,lsymperaf,3570849477079481,84 Sheridan Way,98
377,Shani,McKintosh,smckintoshag,3566259699983229,00 Judy Street,46
378,Tracey,Gladbeck,tgladbeckah,561073332529553646,5804 Kenwood Court,39
379,Appolonia,Wabey,awabeyai,0604828700896593120,60 Hagan Plaza,31
380,Nealy,Tarrier,ntarrieraj,3542674467971496,020 Holy Cross Center,67
381,Tiffie,Kalberer,tkalbererak,3576466562420977,90 Loomis Park,75
382,Chastity,Harrowell,charrowellal,5007667277763114,26 Waubesa Crossing,68
383,Frazer,Harkin,fharkinam,3559870986505514,889 Meadow Vale Hill,73
384,Reeva,Rosenblum,rrosenbluman,3560951131139164,73 Buell Junction,69
385,Cathryn,Benzie,cbenzieao,5048378334438184,0 Towne Avenue,82
386,Franciskus,Caustick,fcaustickap,675922297053504136,9 Sage Parkway,105
387,Crista,Canet,ccanetaq,560222302559806562,5876 Dorton Drive,110
388,Godwin,Ellens,gellensar,5010127524472576,2 Browning Junction,76
389,Kennie,Eannetta,keannettaas,3536434830766935,87 Valley Edge Lane,94
390,Leilah,Kleinhandler,lkleinhandlerat,3553936488579467,6 Schiller Alley,81
391,Waneta,Beecheno,wbeechenoau,3542423961616987,32 Division Plaza,35
392,Corinne,Bizley,cbizleyav,3550449564844485,671 Talmadge Court,47
393,Con,Bushen,cbushenaw,5641828344346270968,595 Oxford Terrace,76
394,Ulrich,Patry,upatryax,4175005155164841,9313 Pankratz Park,18
395,Marilin,Shorte,mshorteay,3586309384738366,4896 American Hill,64
396,Mack,McCraine,mmccraineaz,3559409620740250,82094 Warner Junction,48
397,Giorgi,Waddilove,gwaddiloveb0,5893396797929412,19 Schmedeman Park,82
398,Dore,Mertel,dmertelb1,3561627098821296,39791 Loftsgordon Lane,80
399,Malanie,Magister,mmagisterb2,4905018630542413,495 Rigney Lane,99
400,Cathyleen,Sundin,csundinb3,30307731357235,64 Butternut Street,32
401,Camellia,Farlowe,cfarloweb4,560225118865925848,46 Mariners Cove Parkway,56
402,Devlen,Brooks,dbrooksb5,3547048976859713,91270 Tennyson Pass,44
403,Jacintha,Dando,jdandob6,3589469374785798,70335 Superior Place,62
404,Clare,Kimmerling,ckimmerlingb7,3534056590747151,9819 Mandrake Pass,73
405,Roseanne,Costelow,rcostelowb8,6759938243426671747,1 Prentice Place,102
406,Sigismundo,Madgett,smadgettb9,30180089600856,7582 Ridge Oak Trail,29
407,Chris,Tuison,ctuisonba,30355389636707,4174 Prairie Rose Terrace,71
408,Ferdinanda,Gatch,fgatchbb,6759099694365847000,10361 Acker Pass,70
409,Marley,Woolstenholmes,mwoolstenholmesbc,56022151183901096,4 Loftsgordon Street,28
410,Irvin,Truran,itruranbd,3569305232027565,614 Clyde Gallagher Road,26
411,Lexine,Such,lsuchbe,5100130559828937,7737 Oakridge Circle,65
412,Shari,Freckleton,sfreckletonbf,3570505723487841,54253 Hoepker Point,79
413,Royal,Basnall,rbasnallbg,3544178545789597,6077 Eastwood Lane,32
414,Bridie,Tire,btirebh,5893287013640729,46215 Beilfuss Center,95
415,Cristian,Patkin,cpatkinbi,3546313127895870,366 Elka Junction,76
416,Penelopa,Breakey,pbreakeybj,3554643623942506,74 Nova Circle,70
417,Reggie,McSorley,rmcsorleybk,5002354218936308,8336 Laurel Lane,100
418,Teddi,O'Kenny,tokennybl,4508883716180524,69149 Northwestern Junction,110
419,Leonore,Hayles,lhaylesbm,3582797859292089,9 Cambridge Center,23
420,Kathy,Uzielli,kuziellibn,4542751396039567,014 Marcy Park,106
421,Kaylee,McJerrow,kmcjerrowbo,3544475924765820,3948 Twin Pines Trail,23
422,Georgy,Darnborough,gdarnboroughbp,4041374173466,8 Kenwood Alley,64
423,Zabrina,Loughan,zloughanbq,3587058060563445,354 Weeping Birch Pass,55
424,Hatti,Puttock,hputtockbr,372301335332211,9 Towne Street,54
425,Neron,Kane,nkanebs,5100146959359430,8903 Kingsford Circle,18
426,Zorine,McMurrugh,zmcmurrughbt,3532280273532589,03 Bunting Road,47
427,Abdul,Oake,aoakebu,6706326731608179365,1588 Garrison Trail,41
428,Appolonia,McAw,amcawbv,5100178232497521,39347 Superior Alley,96
429,Rosmunda,Fergyson,rfergysonbw,3546714315178856,42655 Carey Terrace,77
430,Bartholomew,Dimmne,bdimmnebx,3547753376337158,65 Dunning Court,28
431,Baillie,Treweela,btreweelaby,63044082143618068,6 Twin Pines Plaza,50
432,Gerda,Siveyer,gsiveyerbz,3563586988730769,6 Hauk Junction,69
433,Leilah,Goodchild,lgoodchildc0,5100139813007394,8908 Menomonie Parkway,110
434,Cristy,Morforth,cmorforthc1,3564628466708856,4 Independence Parkway,39
435,Avis,Arnout,aarnoutc2,201937805788940,38 Portage Street,105
436,Sheelah,Coffee,scoffeec3,3576314858021549,5 Havey Road,63
437,Coleen,Samudio,csamudioc4,372301028966721,7320 Bunting Lane,103
438,Germana,Otter,gotterc5,3545793533704520,943 Blue Bill Park Drive,34
439,Aundrea,McColgan,amccolganc6,3566575674575098,9781 Monterey Street,65
440,Husain,Pigford,hpigfordc7,3533102882230364,7014 Veith Avenue,35
441,Kailey,Yegorev,kyegorevc8,3557488066761535,3 Hallows Alley,103
442,Dorelle,Cleevely,dcleevelyc9,3552646280319043,48 Toban Court,46
443,Denise,Guyan,dguyanca,3531755333243716,392 Sommers Way,57
444,Katherina,Dunnan,kdunnancb,3532531202816513,218 Morrow Circle,77
445,Valentine,Mikalski,vmikalskicc,4903238552936759591,38711 Lindbergh Terrace,26
446,Jon,Disbrow,jdisbrowcd,3552977071207398,038 Mockingbird Way,71
447,Gardie,Giacomo,ggiacomoce,201827602308739,74 Mendota Trail,108
448,Nessa,Francello,nfrancellocf,3574036583857309,5 Texas Pass,54
449,Irena,Brach,ibrachcg,5564337231157200,00 Roth Circle,107
450,Virgil,Learoyde,vlearoydech,4508969138949594,60 Oneill Way,22
451,Chane,Le Bosse,clebosseci,374288225556405,1866 Reinke Drive,31
452,Kiley,Havers,khaverscj,6706684032065463,610 Hoard Point,42
453,Kelvin,Dunkerly,kdunkerlyck,6331105839425422,0 Hansons Court,103
454,Anna-maria,Jochanany,ajochananycl,3583245616507430,9940 Calypso Street,24
455,Bernelle,Rawdall,brawdallcm,4844704133665892,26 Hazelcrest Drive,64
456,Elinore,Ivakhnov,eivakhnovcn,36137885632172,137 Helena Plaza,93
457,Mariele,Chishull,mchishullco,3557241304680979,13 Cardinal Center,104
458,Obed,Bremond,obremondcp,3582628997614019,460 Chive Road,58
459,Eduardo,Brisard,ebrisardcq,677172933130986788,71 Mcguire Alley,80
460,Hoyt,Stanistrete,hstanistretecr,6388989108100234,84 Kim Court,79
461,Celesta,Tourle,ctourlecs,5410416641360061,28 Memorial Junction,34
462,Sutton,Silvers,ssilversct,3542727233615910,98384 Crest Line Hill,83
463,Ruprecht,Batcheldor,rbatcheldorcu,490326342531582357,09 Fair Oaks Pass,109
464,Pierce,Pughe,ppughecv,3546733813488153,4 Schiller Circle,74
465,Roland,Shippard,rshippardcw,3570557342181198,2 Tennessee Parkway,49
466,Lucilia,Fidelli,lfidellicx,3548698919108088,26 Hollow Ridge Avenue,91
467,Brenna,Tutchener,btutchenercy,372301064219134,9 Morning Circle,89
468,Derk,Borsnall,dborsnallcz,3529930417664467,84811 Banding Point,74
469,Othilie,Leakner,oleaknerd0,3553288538991999,5409 Sloan Junction,99
470,Theodore,Maryin,tmaryind1,490363910899116085,71 Green Ridge Park,40
471,Stevie,Dorr,sdorrd2,5048375601306987,5052 Golden Leaf Avenue,88
472,Delmer,Thurbon,dthurbond3,3560055106465479,4668 Merry Street,54
473,Ronni,Rimer,rrimerd4,5472896811040707,4779 Green Parkway,65
474,Rois,Peagrim,rpeagrimd5,3582035898511569,07 Scott Hill,36
475,Gwenora,Hebner,ghebnerd6,3544713687705355,5 Division Park,69
476,Aldridge,Fiorentino,afiorentinod7,3533227181923680,61 Sachs Circle,94
477,Sigmund,Jenner,sjennerd8,633378828257436283,0 Shelley Trail,65
478,Terrel,Butler,tbutlerd9,3530378787567844,8922 Duke Plaza,26
479,Colet,McCathy,cmccathyda,5048377868890083,52507 Hanson Alley,102
480,Merna,Erswell,merswelldb,4911839915412482689,8865 Lukken Street,102
481,Leshia,Sudddard,lsudddarddc,6387612762183343,61877 Prentice Center,25
482,Hilliary,Challenor,hchallenordd,633110318295156476,29439 Hazelcrest Trail,28
483,Nicko,Muzzullo,nmuzzullode,5602214700685074,03 Bunker Hill Way,96
484,Nehemiah,Ewols,newolsdf,3573182368127566,22 Sullivan Plaza,50
485,Gilemette,Liddy,gliddydg,201861288638606,32 Dayton Lane,49
486,Alysia,Mattheeuw,amattheeuwdh,3530600703240044,4858 Pawling Circle,54
487,Massimo,Dockray,mdockraydi,5002355163688646,7 Arrowood Terrace,59
488,Leroy,Bruins,lbruinsdj,5108754434323947,489 Cardinal Lane,44
489,Roch,Benedito,rbeneditodk,5602250559546744,68986 Anzinger Point,53
490,Binny,Delgado,bdelgadodl,4041597169606,525 Magdeline Plaza,102
491,Rolf,Gunnell,rgunnelldm,3541836565357115,58951 Portage Drive,53
492,Ruddie,Chadbourne,rchadbournedn,3567101587911806,41 Lakeland Plaza,55
493,Marlyn,MacCosto,mmaccostodo,4041597224968790,7 Charing Cross Court,97
494,Leoine,Dumblton,ldumbltondp,3537161730976038,799 Lien Avenue,73
495,Sergio,Stivers,sstiversdq,5610866942009965,08067 Manley Way,71
496,Mariquilla,Bruins,mbruinsdr,3563746133127366,90964 Declaration Park,46
497,Adham,Hampton,ahamptonds,503873751859545803,389 Portage Way,42
498,Mile,Roelofs,mroelofsdt,3559410443973433,6320 Mesta Parkway,108
499,Rafael,Borghese,rborghesedu,5520471053082155,04 Monument Place,69
500,Carce,Simek,csimekdv,63046242804936344,990 Debra Point,84
501,Alastair,Hawkswell,ahawkswelldw,374622337402357,516 Victoria Drive,67
502,Gigi,Cook,gcookdx,4844064126777935,653 Center Alley,75
503,Georgia,Demongeot,gdemongeotdy,3569639357050824,7692 Memorial Trail,59
504,Cornie,Mawhinney,cmawhinneydz,3547571239239589,1686 Kensington Lane,26
505,Noe,Erbe,nerbee0,5100141156278855,03 Ludington Pass,96
506,Terese,Stenbridge,tstenbridgee1,3578300527711980,8 Melody Plaza,73
507,Alyce,MacTrustram,amactrustrame2,6304395223738887711,9 Fairview Junction,56
508,Ana,Mildner,amildnere3,4936658855100265,9730 Cottonwood Center,71
509,Thornie,Strathman,tstrathmane4,58932929507968924,338 Lotheville Trail,105
510,Dorella,Reford,dreforde5,6763197350680439626,26 Leroy Street,79
511,Laverna,Crowth,lcrowthe6,5100170479825480,1 Mariners Cove Alley,85
512,Granger,Crippell,gcrippelle7,5602251152330809,79887 Eliot Trail,31
513,Hedi,Batterton,hbattertone8,3541442877839252,27513 Marquette Road,53
514,Josiah,Fandrich,jfandriche9,5007660135281775,86 Cascade Street,94
515,Bill,Wilkinson,bwilkinsonea,4913074765929024,8815 Elgar Center,54
516,Allard,Walker,awalkereb,201736437857705,668 Melvin Alley,99
517,Ingaborg,Soles,isolesec,36133072424648,3164 Kensington Road,88
518,Gilles,Moorerud,gmooreruded,3534304875327939,9065 Westend Way,108
519,Pandora,Bulloch,pbullochee,5048378941853676,4115 Thompson Junction,57
520,Tatiana,Blackah,tblackahef,5610179731937937,463 Brickson Park Way,58
521,Austina,Velasquez,avelasquezeg,4913908581439553,01 Mayer Point,44
522,Wilfred,Hanster,whanstereh,5602213324958230,62970 Montana Pass,62
523,Bell,Dreng,bdrengei,3569810400234455,03 Eagle Crest Junction,108
524,Gus,Hamlyn,ghamlynej,5048377759462224,5166 Sugar Place,33
525,Paloma,Boat,pboatek,3548219936421063,83 Hollow Ridge Park,89
526,Culley,Spratling,cspratlingel,67094476250003223,88 Schurz Center,81
527,Mureil,Reven,mrevenem,67623145104197818,5 Mandrake Road,27
528,Tricia,Nicklinson,tnicklinsonen,3558886177554112,606 Upham Parkway,73
529,Filbert,Ebsworth,febswortheo,3579068244816114,0 Pawling Terrace,62
530,Emelyne,Matusevich,ematusevichep,3545110826655667,7479 Sachtjen Pass,25
531,Debor,Mangeon,dmangeoneq,5602217000232364,3629 Melrose Way,56
532,Stephie,Donaho,sdonahoer,3543341255829661,74 Westend Trail,51
533,Opaline,O'Regan,ooreganes,501885239969018150,352 Bashford Pass,96
534,Cthrine,Thorald,cthoraldet,3552443513924561,2987 Golf View Court,46
535,Marget,Naismith,mnaismitheu,3562631155088343,9008 Brickson Park Court,79
536,Petronille,Clarycott,pclarycottev,3568868271017863,8 Derek Court,62
537,Terrye,Bernaert,tbernaertew,201465434874790,4298 Prairie Rose Center,55
538,Denys,Alcock,dalcockex,3552956188963473,01 Clemons Terrace,32
539,Giselle,Woodyatt,gwoodyattey,30317052417435,33507 Tony Park,53
540,Harriet,Norcliff,hnorcliffez,6334199040362950,911 Merrick Terrace,105
541,Malena,Norsister,mnorsisterf0,3566128517137534,20446 Sage Place,67
542,Chrissie,Whitefoot,cwhitefootf1,5020022033220533275,2 Crownhardt Drive,52
543,Keeley,Bisset,kbissetf2,3574423985471543,222 Lotheville Terrace,34
544,Stafani,Barnham,sbarnhamf3,4175006394588279,117 Park Meadow Point,108
545,Maye,Gilli,mgillif4,5602254432150989,31813 Milwaukee Way,70
546,Leah,Torricella,ltorricellaf5,633110589606944368,6 Twin Pines Parkway,55
547,Margalit,Caffery,mcafferyf6,337941963976930,9769 Springs Crossing,57
548,Betti,Summers,bsummersf7,3588580941350980,719 Barby Park,48
549,Alexandra,Rodgers,arodgersf8,675931171742083886,396 Ohio Pass,20
550,Cornelia,Josefs,cjosefsf9,3557696647096268,3 Miller Crossing,41
551,Agatha,Cubbino,acubbinofa,3579219386594171,16227 Heath Terrace,87
552,Annalise,Wetherill,awetherillfb,3551676510406188,35 Welch Pass,101
553,Dael,Kayes,dkayesfc,5565660128475438,44904 Lawn Junction,103
554,Bryn,Colt,bcoltfd,349561956892195,7811 Arizona Alley,60
555,Valaree,Hefferon,vhefferonfe,3543575239378853,1040 Porter Terrace,21
556,Clare,Steed,csteedff,5602253506371570,90111 Ramsey Avenue,27
557,Jody,Inggall,jinggallfg,30467911726789,49 Washington Street,59
558,Carin,Mathiasen,cmathiasenfh,5048377054865469,88 Harper Trail,35
559,Henderson,Yearby,hyearbyfi,4917531753197191,62 Londonderry Avenue,43
560,Charyl,Abramsky,cabramskyfj,3588571033528088,8 Miller Circle,88
561,Umeko,Hayland,uhaylandfk,3551199374598040,037 Cascade Road,97
562,Fawnia,Hackey,fhackeyfl,5010127929038121,09 Homewood Drive,108
563,Rubie,Celes,rcelesfm,3529536931439805,04932 Debra Drive,41
564,Lonny,Cottam,lcottamfn,3582788376495800,2225 West Pass,72
565,Lian,Ridwood,lridwoodfo,6334373958260932,35176 Pawling Court,43
566,Beret,Aubert,baubertfp,3552340856022856,1450 Eagle Crest Alley,95
567,Carolyn,Frany,cfranyfq,3587673630932829,4024 Boyd Terrace,51
568,Fabe,Offin,foffinfr,5555987046593592,45 Ohio Point,93
569,Mirelle,Breawood,mbreawoodfs,6372059584814258,5337 Stang Trail,34
570,Carole,Townsend,ctownsendft,3532641101784686,34932 Ohio Pass,66
571,Tessie,Satterlee,tsatterleefu,3588560885623725,248 Arapahoe Terrace,42
572,Brooke,Baumber,bbaumberfv,4508850596015302,70 Elka Pass,99
573,Ruddy,Zielinski,rzielinskifw,4917220644316745,40 Merrick Lane,53
574,De witt,Seeborne,dseebornefx,201461075457698,0034 Miller Alley,45
575,Ber,Blesli,bbleslify,3583348989629763,3 Eagan Lane,96
576,Ronny,Backwell,rbackwellfz,3580266190229137,5705 Shelley Center,100
577,Fawn,MacCartan,fmaccartang0,5109403893939178,2897 Spaight Court,54
578,Jerri,Wagg,jwaggg1,3577893089553296,12076 Harbort Point,71
579,Manolo,Ibotson,mibotsong2,5602219868290716,171 Evergreen Lane,20
580,Carroll,Aird,cairdg3,6709249720567894,3 Monterey Way,87
581,Shandie,Livermore,slivermoreg4,676162038151538445,278 Moose Lane,64
582,Uriah,Wegman,uwegmang5,3583281192765787,715 Magdeline Avenue,63
583,Bentley,Canto,bcantog6,5221999285092719,353 Summit Hill,90
584,Mame,Legendre,mlegendreg7,5100178348101421,3132 Myrtle Circle,60
585,Freemon,Redwall,fredwallg8,374622142814986,71 Mandrake Way,85
586,Grace,Abrahamowitcz,gabrahamowitczg9,6334019665557025,0 Anthes Place,18
587,Horacio,Tschirasche,htschiraschega,4041372200542559,134 Loftsgordon Hill,89
588,Bertine,Guinane,bguinanegb,3572043825471818,1 La Follette Drive,104
589,Wayne,Webburn,wwebburngc,6767137141932228,18 Independence Drive,102
590,Paquito,Addis,paddisgd,5893905740340210,0607 Kennedy Drive,28
591,Silvain,Tydeman,stydemange,5048378567434579,41 Nelson Way,54
592,Dru,Issatt,dissattgf,337941634312572,0244 La Follette Trail,92
593,Goober,Hambling,ghamblinggg,3578666701513347,6070 Buell Terrace,70
594,Daisy,Maultby,dmaultbygh,5517145192058806,2824 American Ash Point,77
595,Jeralee,Heatherington,jheatheringtongi,4026781265434735,86 Burrows Crossing,56
596,Alys,O'Sharry,aosharrygj,3557257225351789,27 School Circle,28
597,Izak,Swynley,iswynleygk,30493007819528,32543 Gerald Parkway,42
598,Liz,Garforth,lgarforthgl,3581334016596276,6 Raven Pass,109
599,Dorey,Candy,dcandygm,3560889558071389,6589 Heath Way,20
600,Neysa,Greydon,ngreydongn,6709691223843404932,397 Drewry Point,38
601,Nathanael,Dawber,ndawbergo,3572664124723615,8877 Ryan Hill,97
602,Sheridan,Najara,snajaragp,5002356973684635,6 Corscot Point,96
603,Karmen,Walmsley,kwalmsleygq,5313383929643295,7122 Dottie Terrace,29
604,Gunner,Kiehne,gkiehnegr,3539799911431451,54 Bluejay Center,82
605,Leland,Wisher,lwishergs,3563571097245693,1003 Del Mar Park,55
606,Ruddie,Sweet,rsweetgt,201441280954465,8757 Buhler Lane,102
607,Corty,Safell,csafellgu,4936975164325906564,768 Hudson Parkway,65
608,Olav,Goroni,ogoronigv,3558840917957432,16558 Loeprich Center,56
609,Norine,Spoerl,nspoerlgw,4911640515838420047,5 Merry Way,25
610,Tristan,Bande,tbandegx,6333415922652123,575 Sugar Terrace,21
611,Lazaro,Reinbach,lreinbachgy,201960183581109,51 North Street,39
612,Aurthur,Baigent,abaigentgz,30381215612472,35 Prairieview Trail,57
613,Sheelagh,McGaughey,smcgaugheyh0,56022284104507880,9811 Farmco Terrace,61
614,Nanon,Tamsett,ntamsetth1,30486183810865,09031 7th Avenue,97
615,Mercedes,Lulham,mlulhamh2,6767027654094740,70 La Follette Pass,105
616,Patricio,Michel,pmichelh3,3553389151808708,8 Mayfield Junction,49
617,Beau,Starling,bstarlingh4,3578403162100012,2709 Blackbird Alley,53
618,Donn,Youthed,dyouthedh5,6759843576204262617,886 Bunting Road,95
619,Ginny,Leopold,gleopoldh6,676773191122400087,5909 Florence Place,20
620,Ewan,Kidson,ekidsonh7,4936546581212274,44664 Lotheville Point,76
621,Harris,Ridges,hridgesh8,3588527041175916,51507 Dapin Hill,69
622,Cordell,Dignam,cdignamh9,5602258260631069,7183 Old Gate Hill,103
623,Ky,Bool,kboolha,3579551690643546,7631 Thompson Trail,94
624,Sasha,Spoole,sspoolehb,5108756626253063,61404 Anzinger Lane,73
625,Rafaellle,Bruinemann,rbruinemannhc,5245597207587436,40191 Anniversary Center,27
626,Cherilyn,Feast,cfeasthd,5585550486568211,47287 Namekagon Lane,30
627,Alexis,Gard,agardhe,3554703402064714,926 Karstens Court,52
628,Phebe,Carratt,pcarratthf,5404381596840558,416 Rowland Center,101
629,Tomasine,Heskin,theskinhg,3582537088316105,5042 Ryan Hill,100
630,Sorcha,Rillatt,srillatthh,5893238152092715974,8 Coolidge Court,48
631,Allyn,Milnes,amilneshi,3574992714716402,5501 Jenifer Crossing,72
632,Arri,Dacres,adacreshj,3540371675162446,241 Mifflin Place,91
633,Emlynn,Ackland,eacklandhk,4936924008930049843,066 Oriole Center,102
634,Ruthe,Baldrick,rbaldrickhl,201541966350480,07 Fuller Junction,97
635,Kiel,Bedome,kbedomehm,201970244696978,9 Kinsman Junction,47
636,Allys,Pledge,apledgehn,3551182022583929,24 Lerdahl Way,81
637,Donnajean,Maruszewski,dmaruszewskiho,4917646314853163,108 Vidon Road,29
638,Ceciley,Wrathall,cwrathallhp,6304978027095444387,52 Buell Circle,104
639,Engelbert,Smurfitt,esmurfitthq,201870557068163,898 Fulton Junction,24
640,Chrisy,Dunkerly,cdunkerlyhr,3570104982025318,11262 Marcy Trail,93
641,Gianina,McManus,gmcmanushs,3560445775915468,5 Twin Pines Hill,94
642,Cam,Klasen,cklasenht,3551703642345488,3783 Moulton Circle,86
643,Shaine,Cowdroy,scowdroyhu,5108751088528839,052 Kennedy Park,43
644,Giacobo,Hallowes,ghalloweshv,3569973278813535,194 Delladonna Circle,37
645,Gaile,Fanthome,gfanthomehw,3543179917100372,5043 Superior Hill,93
646,Kinsley,Webborn,kwebbornhx,3546988600403167,4814 Fair Oaks Pass,35
647,Bank,Dible,bdiblehy,4041371387293143,7 Loeprich Avenue,44
648,Chev,Have,chavehz,201719734571575,8 Menomonie Plaza,102
649,Justinian,Mapplethorpe,jmapplethorpei0,3532465101876320,30 Tennessee Trail,107
650,Jeanna,Mottini,jmottinii1,36403758637312,93 Corben Point,20
651,Emmalyn,Sawdy,esawdyi2,3570157667194759,99 Anderson Center,91
652,Channa,Skunes,cskunesi3,5412442901409701,12 Sutteridge Pass,71
653,Cosmo,Sample,csamplei4,3536628663487416,9 Montana Alley,20
654,Emyle,Slessor,eslessori5,4508782964778437,2017 Browning Way,58
655,Ignatius,Levens,ilevensi6,3579387435562190,43 Stuart Junction,40
656,Talbert,Matson,tmatsoni7,5010120366248303,06 Talisman Hill,93
657,Felizio,Coldwell,fcoldwelli8,4903469184841622,1020 Walton Place,68
658,Fleur,Thorington,fthoringtoni9,4903376264646988153,697 5th Center,81
659,Boniface,Brash,bbrashia,3576674777767070,6702 Blue Bill Park Center,34
660,Celinka,Swetenham,cswetenhamib,3584314861511916,4 Russell Alley,105
661,Ced,Rouse,crouseic,5602214534929557,27 Summit Alley,48
662,Hillyer,Itscowics,hitscowicsid,3554777478249003,9506 Forster Place,109
663,Cody,Jedrzej,cjedrzejie,67618775840806491,639 Cottonwood Plaza,38
664,Carlita,Raysdale,craysdaleif,560221761624792712,2136 Washington Trail,59
665,Bridie,Humbatch,bhumbatchig,3550777123610629,324 Rockefeller Road,47
666,Helga,Parradye,hparradyeih,491104562498863369,63 Grim Lane,92
667,Cassandre,Bynert,cbynertii,3548488257149310,160 Forest Dale Terrace,79
668,Sacha,Franiak,sfraniakij,3587006031894175,8 Linden Park,45
669,Stefanie,McKeran,smckeranik,3555559639374626,7 Carioca Crossing,88
670,Boniface,Luckman,bluckmanil,5020016193337281016,85 Hallows Place,36
671,Nollie,McEvilly,nmcevillyim,6396908339256490,3 Bultman Road,47
672,Robb,Lghan,rlghanin,3533860866303644,0 American Ash Court,88
673,Niko,Lissett,nlissettio,3543589978630366,67 Blue Bill Park Junction,27
674,Riane,Colebeck,rcolebeckip,5018184247972405320,89808 Bunker Hill Street,24
675,Deana,Howsego,dhowsegoiq,5048378041943088,404 Rowland Drive,92
676,Elena,Chelsom,echelsomir,3580008987894511,7608 Blackbird Hill,104
677,Angelique,Scarre,ascarreis,5602234548391180,7 Ryan Hill,55
678,Mella,Arnoldi,marnoldiit,4844090358074865,856 Pearson Park,102
679,Ingeberg,Deighton,ideightoniu,201857684741291,773 Vera Lane,86
680,Tricia,Roberti,trobertiiv,4026569184513105,29 Dixon Way,82
681,Caroline,Rendle,crendleiw,3588526251530372,76828 Graedel Court,92
682,Oran,Cabbell,ocabbellix,5610696484977687,0287 Twin Pines Lane,79
683,Clarance,Paroni,cparoniiy,6373927429411614,6085 Eagan Hill,60
684,Nadya,Popworth,npopworthiz,3578451591280327,46 Nevada Place,53
685,Welbie,Ivakhnov,wivakhnovj0,6763223959297229,60 Lien Alley,83
686,Pren,Van den Velde,pvandenveldej1,5100174328741716,58 Heath Drive,20
687,Babara,Shenton,bshentonj2,4913104926129527,59291 Harbort Way,21
688,Pegeen,Kleisel,pkleiselj3,5007664054119768,4713 Hoepker Court,67
689,Arlen,Chotty,achottyj4,3546072913048827,801 Judy Pass,87
690,Pate,MacCallister,pmaccallisterj5,374622392501622,51 Donald Plaza,100
691,Karoly,Edgeler,kedgelerj6,3574559395993004,7170 Elmside Avenue,65
692,Henrieta,Thredder,hthredderj7,4405818990121541,97 Veith Road,84
693,Glynda,Bewicke,gbewickej8,4903515280022485814,6781 Brickson Park Terrace,28
694,Garrek,Lyford,glyfordj9,3568637049095018,683 Kipling Trail,18
695,Karel,Hartles,khartlesja,5108753026395073,07 Sachs Junction,20
696,Dallas,Milby,dmilbyjb,3584443458163847,04265 Lakeland Plaza,31
697,Augustine,Cecchetelli,acecchetellijc,5610124871868419,023 Jana Lane,91
698,Isador,Caldicott,icaldicottjd,5002357426900339,552 Logan Alley,87
699,Derick,Mouget,dmougetje,3574712233318179,1554 Sheridan Junction,106
700,Andeee,Hully,ahullyjf,4844347967594331,86 Katie Drive,63
701,Dasya,Volante,dvolantejg,630470208720776487,5 Towne Hill,29
702,Adolph,Stuttard,astuttardjh,3555984831841562,69517 Miller Hill,52
703,Nate,Cloy,ncloyji,5602255680684785,323 Lakeland Point,80
704,Marley,Henfre,mhenfrejj,3542896275526556,822 Mallory Road,99
705,Corrina,Densell,cdenselljk,3536136189934549,1 Sage Junction,63
706,Conroy,Garfit,cgarfitjl,3561769028912181,4 Ilene Lane,74
707,Dru,Petri,dpetrijm,5602251243939790,0354 Cambridge Terrace,95
708,Brittani,Hallad,bhalladjn,5602230017213939,5484 Northridge Hill,108
709,Ophelia,Grainge,ograingejo,30464672538107,181 Harbort Junction,66
710,Mathew,Schnieder,mschniederjp,3588572895768622,386 Forest Run Street,49
711,Magnum,De Launde,mdelaundejq,3549288461246152,16678 Hanover Junction,58
712,Rosalie,Pacht,rpachtjr,5038505316200927213,4 Bunker Hill Trail,82
713,Ulysses,Tandy,utandyjs,3558170089702923,105 Mockingbird Plaza,90
714,Son,Udell,sudelljt,3539036836370609,054 Dayton Place,63
715,Ryon,Bitchener,rbitchenerju,4913833717653648,4670 Pepper Wood Lane,20
716,Isadore,Demelt,idemeltjv,337941623365268,86 Boyd Pass,20
717,Miof mela,St. Paul,mstpauljw,6771167711576844,653 Logan Trail,56
718,Maury,Dykes,mdykesjx,6771980572807149051,64548 Prairie Rose Park,26
719,Merrily,Conechie,mconechiejy,373774380701432,68799 Pine View Street,58
720,Malena,Banks,mbanksjz,3529091103401332,60104 Jenifer Avenue,59
721,Jolie,Mary,jmaryk0,5602254441101288,852 Gina Junction,28
722,Rory,Panons,rpanonsk1,4017955068010881,13311 Moulton Circle,26
723,Maure,Boston,mbostonk2,6396110294809575,2871 Warrior Point,32
724,Konstantine,Elnough,kelnoughk3,5108751742336991,48236 Summerview Crossing,29
725,Roseline,Wolffers,rwolffersk4,3542873372663392,26 Katie Parkway,56
726,Toddie,Dingsdale,tdingsdalek5,4026366537524347,55891 Fairview Court,109
727,Shandra,Cammis,scammisk6,6372402668425064,21 Northfield Trail,61
728,Avery,MacCumeskey,amaccumeskeyk7,5602217403020283,8742 Nelson Alley,41
729,Aylmer,Peace,apeacek8,3588335213948437,40380 Norway Maple Point,21
730,Luci,Chaize,lchaizek9,676195819461849544,37590 Corry Parkway,84
731,Ezekiel,Lettsom,elettsomka,5010124132975942,612 Harper Crossing,71
732,Billy,Forsyth,bforsythkb,3579976453544492,79803 Maryland Alley,75
733,Burgess,Fores,bforeskc,56022258726111016,535 Lakeland Way,22
734,Martainn,Locke,mlockekd,3572193587073409,8 East Plaza,103
735,Tyrone,Danilenko,tdanilenkoke,201794428735232,6 Comanche Pass,48
736,Jacquenetta,Fidian,jfidiankf,4175003163285336,7 Northview Way,64
737,Teressa,Briscam,tbriscamkg,201640486654353,9 Amoth Center,62
738,Dacey,Beaze,dbeazekh,3553738613306752,29561 Burning Wood Circle,43
739,Lynnelle,Eskriett,leskriettki,4026794613527266,177 Shasta Place,37
740,Rafaelia,Pahler,rpahlerkj,3541012337586528,95456 Del Sol Point,52
741,Tracee,Royce,troycekk,633421592838481062,7054 Summerview Street,63
742,Dinnie,Pentycross,dpentycrosskl,4508634563298988,8157 Mitchell Pass,45
743,Carmela,Donner,cdonnerkm,3587722761140791,893 Manitowish Park,99
744,Bunni,Manna,bmannakn,6706097410208981796,04972 Algoma Pass,27
745,Estella,Caveney,ecaveneyko,5100135666608593,60 Valley Edge Plaza,57
746,Moishe,Hinze,mhinzekp,3529742038811397,01 Delladonna Lane,102
747,Lulu,Veschi,lveschikq,5038934145961983797,993 Glacier Hill Crossing,56
748,Tessy,Louth,tlouthkr,5543867205986990,80132 Logan Point,41
749,Adolpho,Diment,adimentks,56022251239833051,878 Gateway Road,106
750,Chelsie,Yabsley,cyabsleykt,3546058524859371,1 Clemons Road,82
751,Cori,Rodder,crodderku,3533460962185399,449 Kensington Center,72
752,Poppy,Odger,podgerkv,3582498570175626,5030 Burrows Lane,18
753,Adrea,Sperwell,asperwellkw,3574316993891357,5991 Village Point,79
754,Borg,Akast,bakastkx,3537231528335067,8017 Knutson Drive,73
755,Nikki,Bister,nbisterky,5007666971431853,79 Maple Wood Park,99
756,Emlyn,Healing,ehealingkz,3580059143873956,1 Loomis Junction,93
757,Court,Cammidge,ccammidgel0,4917877062158931,64253 Ryan Road,44
758,Krista,Moughtin,kmoughtinl1,5100146317044567,4686 Cardinal Drive,21
759,Candida,Pepperill,cpepperilll2,4041374399996,494 Maple Wood Point,41
760,Joya,Lerwell,jlerwelll3,4913793643349002,14 Thierer Alley,80
761,Chrystal,Dooher,cdooherl4,3544862615272978,93 Fulton Street,76
762,Belinda,Render,brenderl5,201433638614222,03029 Mandrake Court,99
763,Anne-corinne,Dignum,adignuml6,3582458079544474,28040 Arapahoe Plaza,107
764,Ainsley,Baudry,abaudryl7,06044555090962398,4 Manitowish Circle,108
765,Nilson,Lachaize,nlachaizel8,5100144677041398,6144 Nelson Way,20
766,Shayne,Tezure,stezurel9,493633306850909360,2 Donald Park,64
767,Felecia,Digle,fdiglela,5002359246809302,2688 Red Cloud Lane,41
768,Salli,Croxford,scroxfordlb,3561010294274620,536 Eagan Lane,103
769,Eleanora,Ridgway,eridgwaylc,3551172656293283,35171 Elmside Junction,25
770,Tiebold,Whatling,twhatlingld,5610093214873271,528 David Way,65
771,Valry,Barwell,vbarwellle,502058394415208464,5326 Iowa Center,51
772,Rupert,Bootherstone,rbootherstonelf,6387388075080043,51573 Glendale Plaza,39
773,Beth,Bumby,bbumbylg,3558218231189125,614 Forest Run Center,27
774,Gaby,Budibent,gbudibentlh,3576972235734132,74270 Coolidge Way,107
775,Crystie,Pulsford,cpulsfordli,5602224698070924,1 Arkansas Hill,95
776,Eartha,Towe,etowelj,6762123091231988296,37 Hoffman Parkway,99
777,Sileas,Petrie,spetrielk,3580496701308209,25378 Armistice Point,93
778,Bax,Hischke,bhischkell,5893182699321381,1920 Cardinal Street,47
779,Louis,Mattiassi,lmattiassilm,5007666262357353,31 Pierstorff Street,89
780,Chryste,Stuehmeier,cstuehmeierln,5602235405231419,1 Farmco Trail,85
781,Arleyne,Gronw,agronwlo,67064295346385600,2927 Valley Edge Road,55
782,Doralin,Cleaton,dcleatonlp,3570473213097739,153 Luster Center,23
783,Carrissa,Lockier,clockierlq,3562655133445150,233 American Park,98
784,Kristoforo,Dominichetti,kdominichettilr,6771369756683283,70961 Bluejay Hill,60
785,Nadine,Yurenev,nyurenevls,374288273521343,4 Mesta Circle,66
786,Whit,Dorkin,wdorkinlt,3566864681003413,852 Summit Trail,97
787,Mala,Sellen,msellenlu,3582287388359682,892 Fulton Alley,62
788,Molly,Hulburd,mhulburdlv,67618897390155168,3643 Karstens Point,61
789,Bourke,Glisane,bglisanelw,3582318269177214,462 Rutledge Avenue,76
790,Kiley,Fabler,kfablerlx,6762019660618552342,35 Manley Parkway,104
791,Ossie,Iacovelli,oiacovellily,30290294156048,83084 Melvin Junction,75
792,Hedda,Dunkerk,hdunkerklz,3555372342553738,0 Knutson Terrace,102
793,Kori,Paolini,kpaolinim0,3584590970837587,35 Hansons Street,88
794,Skye,Lockhead,slockheadm1,3547827208866400,2 Basil Avenue,108
795,Alica,Fairfoot,afairfootm2,3551728450084366,99 Lillian Park,77
796,Grete,Jeanet,gjeanetm3,3529303600715910,5545 Farragut Place,94
797,Phaedra,Laughren,plaughrenm4,5602250698816644,7940 Forest Point,72
798,Sebastiano,Merrin,smerrinm5,3570207180218187,75154 Chinook Drive,28
799,Rochester,Varfalameev,rvarfalameevm6,374622402318009,6785 Reinke Road,102
800,Phyllys,Diego,pdiegom7,4473982494050726,0 Commercial Alley,76
801,Kendal,Hlavac,khlavacm8,3558597979346488,84635 Ridgeway Crossing,83
802,Mufi,Fyfe,mfyfem9,3569930602956067,08550 Cascade Junction,88
803,Cully,Mardee,cmardeema,374288112484190,67 Dottie Point,85
804,Clark,Wallbanks,cwallbanksmb,3574706605099110,48101 Waubesa Junction,64
805,Guendolen,Aleso,galesomc,3531153518284301,95 Pierstorff Terrace,102
806,Leodora,Chatfield,lchatfieldmd,670612551931447157,022 High Crossing Place,76
807,Tully,Binford,tbinfordme,3575371476816362,3 Lukken Park,46
808,Georg,Lehrmann,glehrmannmf,372301300567171,34 Judy Pass,39
809,Toddie,Metzig,tmetzigmg,5048373588079552,3236 Stang Drive,26
810,Karina,Krystof,kkrystofmh,3574112417447789,0 Beilfuss Parkway,102
811,Corey,McLaine,cmclainemi,3563417336883862,089 Mariners Cove Plaza,105
812,Prentice,Najara,pnajaramj,3535394261392273,6770 Birchwood Center,21
813,Darnell,Cunnow,dcunnowmk,3580007423218137,94 Sutherland Terrace,54
814,Cullie,Casterot,ccasterotml,3533724898659417,371 Stone Corner Crossing,75
815,Luce,O'Currine,locurrinemm,343842490416824,22 Merchant Road,63
816,Susi,Welford,swelfordmn,3551713667653567,4738 Glendale Avenue,81
817,Sigmund,Popple,spopplemo,3567390835973565,1674 Boyd Park,100
818,Korey,Jacquemet,kjacquemetmp,3581002419035214,1625 Manufacturers Alley,41
819,Terri-jo,Leif,tleifmq,6389226056050460,236 Graceland Crossing,25
820,Whitaker,Barrar,wbarrarmr,374288066623694,32852 Evergreen Alley,110
821,Ulrika,Ida,uidams,5020853077665430160,57986 Paget Point,97
822,Karlik,Hort,khortmt,30597228704473,19021 Union Lane,92
823,Myranda,Cellier,mcelliermu,5602211673165357,20740 Di Loreto Park,75
824,Alessandra,Lebrun,alebrunmv,3585786509713005,83435 Brown Crossing,19
825,Minette,Slora,msloramw,3539000810456487,07839 Laurel Avenue,88
826,Maddy,Burrett,mburrettmx,5450476327237497,9521 Bluejay Parkway,42
827,Monte,Merrington,mmerringtonmy,5349027384635977,21497 Orin Junction,63
828,Rutherford,MacKee,rmackeemz,5020532807927994838,41 School Park,65
829,Kitti,Izchaki,kizchakin0,4905220668269521526,14 Birchwood Drive,44
830,Hillary,Antony,hantonyn1,560224331505508624,8650 Melvin Place,18
831,Sorcha,Maddin,smaddinn2,5602226680013259,558 Erie Center,35
832,Locke,Cuppitt,lcuppittn3,3534240866804793,20296 Starling Center,88
833,Keslie,Comford,kcomfordn4,5007667731654586,5592 Thackeray Alley,25
834,Doralynne,Starkey,dstarkeyn5,3564275005880034,2 Red Cloud Junction,55
835,Esma,Camerello,ecamerellon6,5467423514735702,995 Carioca Alley,91
836,Anett,Beales,abealesn7,4981519358924425,76 Bunting Road,39
837,Ellery,Binne,ebinnen8,6763746937786780,3 Hoard Crossing,28
838,Sandy,Stare,sstaren9,3568188435230967,329 Hoard Parkway,26
839,Rufe,Benley,rbenleyna,3558256556369658,68865 Rieder Hill,51
840,Onfre,Rozzier,orozziernb,3536393023982032,641 Prairieview Parkway,84
841,Ailsun,Acomb,aacombnc,633110863783141340,06104 Red Cloud Way,33
842,Charline,MacAdam,cmacadamnd,6398390163570510,70882 Carioca Way,56
843,Elroy,Travis,etravisne,676740346698037123,0498 Kennedy Parkway,28
844,Feodora,Lenin,fleninnf,3574743738289268,67924 Westerfield Hill,91
845,Bordy,Deniso,bdenisong,5459829925530658,4504 Fulton Alley,75
846,Brandie,Kraut,bkrautnh,201911243520801,09561 Northview Court,86
847,Toinette,Kilpin,tkilpinni,3547434607390221,0 Bowman Hill,110
848,Denna,Haymes,dhaymesnj,3529836480799785,1 Utah Road,54
849,Rhona,Delacour,rdelacournk,30245011315186,5193 Fordem Junction,43
850,Fair,Stening,fsteningnl,3561358864018137,768 Merchant Place,110
851,Jany,Fernez,jferneznm,67626360157123002,69 Bobwhite Parkway,105
852,Bendick,Waltho,bwalthonn,3547468734166971,3916 Arapahoe Crossing,70
853,Sonny,Bloore,sblooreno,3538333480159003,58 Brentwood Avenue,37
854,Keefer,Dunnan,kdunnannp,6709151620288995,5 Merchant Circle,20
855,Sigismund,Baggaley,sbaggaleynq,3530719456901584,8982 Jenifer Alley,77
856,Paige,Magog,pmagognr,3573867505060601,5720 Debra Way,38
857,Diannne,Pardoe,dpardoens,3552505317514457,28738 Pond Parkway,85
858,Adelaida,Cowterd,acowterdnt,3555240638741632,64 Morning Parkway,60
859,Adham,Christofides,achristofidesnu,06041897868953511,5012 Lunder Center,95
860,Chelsae,Donkersley,cdonkersleynv,6759530186444422456,4 Elgar Pass,55
861,Bonni,Stuttman,bstuttmannw,3553360044940818,8731 Nancy Lane,104
862,Dalston,Brien,dbriennx,6331105545357442046,2930 Waywood Trail,29
863,Minerva,Treker,mtrekerny,6706277191677525213,515 Mccormick Terrace,38
864,Cecily,Dodle,cdodlenz,5100145824781661,68 Starling Plaza,95
865,Neall,Hakewell,nhakewello0,3564507235240377,93612 Birchwood Junction,95
866,Kenneth,Bendelow,kbendelowo1,30310802108750,18145 Larry Hill,45
867,Toddy,Wynne,twynneo2,374283397957861,5538 Schiller Terrace,109
868,Mandel,Santostefano.,msantostefanoo3,3537095539314886,079 Kipling Lane,54
869,Colas,Colgrave,ccolgraveo4,201980128708401,4 Bayside Drive,109
870,Nealson,MacAllister,nmacallistero5,5108756954973092,4479 Melody Court,65
871,Dode,Venn,dvenno6,676167771984947400,0484 Fieldstone Street,87
872,Neal,Dowdle,ndowdleo7,5100144248640348,49483 Bay Court,65
873,Kathrine,Simonot,ksimonoto8,372301540652031,4 Spaight Way,86
874,Corbett,Dives,cdiveso9,675933451803690649,98901 Briar Crest Court,54
875,Goddard,Bolus,gbolusoa,3552507492163027,36764 Glendale Terrace,51
876,Lion,Dunkerley,ldunkerleyob,5218632797421168,96 Esker Parkway,44
877,Simmonds,Mumberson,smumbersonoc,3565738848069858,311 Clemons Terrace,36
878,Lexine,Baskett,lbaskettod,67091614982935162,848 Towne Junction,62
879,Ogden,Vurley,ovurleyoe,3573662467181838,3 Petterle Point,90
880,Brunhilda,Bogays,bbogaysof,5018236125611482,939 Dennis Terrace,52
881,Merry,Petricek,mpetricekog,4026719855526122,19015 Manitowish Crossing,87
882,Maddie,Adacot,madacotoh,67095608851979174,122 Almo Street,85
883,Galvan,Lechelle,glechelleoi,3556020636579203,45 Park Meadow Junction,65
884,Britta,Elgee,belgeeoj,5108753402131522,4643 Straubel Hill,83
885,Liesa,Tym,ltymok,3579211088346869,5633 Forest Dale Junction,20
886,Justina,Buckel,jbuckelol,3568997213122323,04 Meadow Valley Trail,110
887,Ingeberg,Coldbathe,icoldbatheom,201860969814585,468 Gerald Trail,32
888,Daffi,Targe,dtargeon,6759338963334572,417 Park Meadow Street,94
889,Millisent,Jealous,mjealousoo,3588702792017571,268 Jay Avenue,110
890,Darsey,Vettore,dvettoreop,3584423212688875,5667 Meadow Ridge Alley,106
891,Merilee,Keslake,mkeslakeoq,5602212689098178,94979 Cody Way,41
892,Aarika,Madgin,amadginor,3575509533944251,75 Village Green Hill,38
893,Elie,Hector,ehectoros,3570476903072185,51300 Harper Drive,106
894,Margot,Worsnip,mworsnipot,5602259042587405,62 Donald Trail,58
895,Justin,Ranvoise,jranvoiseou,30342351212931,9 Marquette Park,83
896,Tobi,Ivanenko,tivanenkoov,3551229269278729,700 Thompson Point,84
897,Clem,Alderwick,calderwickow,3569282896852846,72854 Golf View Place,81
898,Lorin,Klimashevich,lklimashevichox,5602220709497924,3886 Kennedy Center,66
899,Verene,Fussen,vfussenoy,3581726014874748,729 Carey Street,23
900,Milena,Izaks,mizaksoz,30169860727616,46 Green Ridge Parkway,95
901,Dorolisa,Molloy,dmolloyp0,5495155461790324,916 Russell Lane,30
902,Leroy,McCarthy,lmccarthyp1,4026545573886674,7 Sachtjen Parkway,42
903,Inglebert,Bridgwood,ibridgwoodp2,3575760113465783,980 Spohn Street,66
904,Seka,Forgie,sforgiep3,3574989320686631,8724 Barby Parkway,75
905,Constantine,Whiff,cwhiffp4,6759649720916919,737 Katie Alley,31
906,Cleveland,Briddle,cbriddlep5,3557622190414823,80 Forster Terrace,73
907,Suzann,Grubb,sgrubbp6,3567846118245187,9286 Porter Hill,108
908,Garland,Greensall,ggreensallp7,5602243735158775581,726 Sherman Parkway,60
909,Barb,Vertigan,bvertiganp8,3536294292554280,79 Ryan Parkway,45
910,Myrtice,Drysdell,mdrysdellp9,6386525122675389,66 Bobwhite Lane,31
911,Dino,Dipple,ddipplepa,3586052977840161,194 Shoshone Pass,56
912,Tobias,Barthot,tbarthotpb,3547355045786052,0517 Mifflin Way,102
913,Jannelle,De Angelis,jdeangelispc,201876613621069,21681 Rowland Circle,110
914,Hannie,Jadczak,hjadczakpd,3550202226913838,52438 Coleman Hill,106
915,Barby,Suddock,bsuddockpe,3574330904032779,28 Corry Circle,24
916,Boris,Coskerry,bcoskerrypf,3544200032299581,773 Manufacturers Point,38
917,Aldo,Hannaway,ahannawaypg,3571652569232342,097 Mesta Alley,81
918,Austen,Camilli,acamilliph,4911336017165554,73 Tennessee Avenue,103
919,Ciro,Hartington,chartingtonpi,3565243147605890,4 Morning Center,94
920,Shaun,Pratt,sprattpj,6762801538928900033,2344 Shopko Parkway,80
921,Cicily,Primett,cprimettpk,675933080458413914,7 Havey Plaza,78
922,Shawna,Hullyer,shullyerpl,3569472505501369,99 Orin Street,66
923,Dedie,Tunna,dtunnapm,5167425991496651,594 Stang Junction,80
924,Winonah,Barneveld,wbarneveldpn,5048376631670954,754 Ruskin Place,45
925,Linn,Piletic,lpileticpo,4508999483517571,75 New Castle Road,74
926,Aurore,McArte,amcartepp,3549344411877081,52274 Maple Wood Plaza,30
927,Celinka,Somerlie,csomerliepq,4041375795227148,2 East Pass,59
928,Erasmus,Cunliffe,ecunliffepr,3588343948879414,1 Crest Line Court,97
929,Stacy,Folan,sfolanps,3569542388590281,123 Hermina Center,49
930,Humphrey,Branscomb,hbranscombpt,3578576264018255,661 Canary Street,63
931,Ariela,Bachanski,abachanskipu,3581074746862313,4 Green Road,29
932,Willie,Denniston,wdennistonpv,3538247001152653,778 Kim Avenue,64
933,Sherrie,Jaffrey,sjaffreypw,56022565807584816,67 Stang Drive,110
934,Liam,Harbar,lharbarpx,3545194612745692,50 Westend Park,59
935,Dewey,Waleran,dwaleranpy,3543113356699354,16979 Kropf Terrace,94
936,Valida,Leachman,vleachmanpz,3564879239911380,0 Springview Way,82
937,Jerome,Tite,jtiteq0,3577031605365214,8677 Arkansas Way,31
938,Consuela,Reavey,creaveyq1,5370833561046132,92 Becker Court,52
939,Dun,Akred,dakredq2,345082677472609,1 Sachs Pass,75
940,Will,Naton,wnatonq3,6763080144940836,1 Elka Circle,38
941,Louis,Angrock,langrockq4,060471856269069778,8 Reinke Parkway,20
942,Fons,Kingaby,fkingabyq5,30243446856957,7566 Meadow Ridge Road,51
943,Alphard,McTerry,amcterryq6,4917076615058975,70 Kingsford Avenue,82
944,Vallie,Doddrell,vdoddrellq7,4405671773748976,30618 Hoard Avenue,24
945,Elberta,Perse,eperseq8,3563193057795441,8 Declaration Trail,78
946,Taddeusz,Glew,tglewq9,4911677619900082,62 Sugar Hill,94
947,Stephie,Scrivin,sscrivinqa,30273230227271,6 Shelley Pass,104
948,Jaime,Lassen,jlassenqb,5537651660575102,0 Bobwhite Circle,93
949,Lutero,Orto,lortoqc,3532666625600688,66 Toban Court,36
950,Zachery,Tym,ztymqd,3565439426583952,4269 Oneill Pass,33
951,Fin,Adriaan,fadriaanqe,3556673499856025,95533 Hagan Court,28
952,Bryn,MacCallion,bmaccallionqf,3540042552764774,0 Tony Park,97
953,Clarabelle,Codman,ccodmanqg,4508264259739655,78 Schurz Alley,67
954,Farly,Budget,fbudgetqh,3562726350678995,8 Pearson Street,37
955,Collin,McGiffin,cmcgiffinqi,3544801198190215,4238 Dorton Place,33
956,Mabel,Jeppensen,mjeppensenqj,3537733769444375,0 Oneill Drive,53
957,Filippa,Yakovitch,fyakovitchqk,30490734568642,8689 Rieder Junction,18
958,Teador,Gotthard,tgotthardql,5018993446986270,5 Shelley Point,27
959,Bibby,Gannicleff,bgannicleffqm,5108755132396077,556 Mallard Court,53
960,Langston,Noad,lnoadqn,5336043106661261,32538 Leroy Place,30
961,Marshal,Flett,mflettqo,3569486727609164,52 Stang Terrace,57
962,Dorothee,Benion,dbenionqp,67639678159983866,02 Merry Terrace,86
963,Rufus,Goodee,rgoodeeqq,5007663433502462,7 Forest Crossing,56
964,Hilliary,Geerits,hgeeritsqr,50389844636202159,5 Swallow Alley,44
965,Anitra,McElvogue,amcelvogueqs,5108759925446123,29 Londonderry Point,75
966,Essy,Vasilyonok,evasilyonokqt,3548215220865486,86 Kennedy Place,37
967,Siegfried,Ecclesall,secclesallqu,3564361439606904,46512 Di Loreto Crossing,23
968,Rosina,Bratton,rbrattonqv,5100177446948063,5 Birchwood Trail,53
969,Vinson,Heggison,vheggisonqw,6304754594843546268,9324 Roxbury Pass,49
970,Audrye,Tegler,ateglerqx,3549269758536695,52682 Bluejay Lane,23
971,Lavina,Skeen,lskeenqy,6763902741384349689,3958 Old Shore Hill,72
972,Manya,Truesdale,mtruesdaleqz,3573358334555961,292 Grasskamp Street,89
973,Marshal,Maccari,mmaccarir0,4903902428742576864,357 Rieder Plaza,80
974,Carr,Pfaffel,cpfaffelr1,6375715083003803,29 Aberg Junction,53
975,Tanney,Ellaman,tellamanr2,3581008722358227,7 Ilene Plaza,65
976,Dolores,Kuhnke,dkuhnker3,5038769795141782,484 Farmco Alley,69
977,Kilian,Leyshon,kleyshonr4,337941906389282,329 Oak Valley Terrace,107
978,Jaquenette,Egger,jeggerr5,675926952985133596,8342 Vera Street,74
979,Marcellus,Cornforth,mcornforthr6,30243576048383,4749 Judy Terrace,99
980,Kiersten,Slainey,kslaineyr7,6763153686294699366,9 Helena Pass,108
981,Ardith,Whaites,awhaitesr8,5477403602444456,09391 Darwin Avenue,36
982,Alex,Heskin,aheskinr9,6304361074192822060,60825 Fair Oaks Terrace,48
983,Casey,Olenchikov,colenchikovra,6334069148181476898,40 Crownhardt Hill,44
984,Miguela,Jennaroy,mjennaroyrb,3569311514184439,5 Washington Terrace,61
985,Allene,Tillett,atillettrc,6761957911705553,14 Dapin Road,43
986,Cesare,Sturridge,csturridgerd,3576436767024676,1229 Amoth Trail,70
987,Riannon,Dumberell,rdumberellre,4508691203493478,52 Moose Terrace,96
988,Britt,Drewry,bdrewryrf,5602257428164096,2 Elgar Park,43
989,Celinka,Rosling,croslingrg,30081896875725,2 Hovde Way,74
990,Stesha,Umbers,sumbersrh,3588767126238516,83 Fairfield Lane,20
991,Donavon,Hamshere,dhamshereri,6384814817861450,9111 Grover Crossing,105
992,Gigi,Sidebottom,gsidebottomrj,3573719865293480,12 Golf Terrace,103
993,Clementina,Aucoate,caucoaterk,3536692352581806,47622 Blackbird Terrace,94
994,Fawnia,Stedell,fstedellrl,3545806750370708,85 Crest Line Alley,66
995,Seth,Filippi,sfilippirm,3551592796015694,90497 Forest Circle,78
996,Vi,Sorley,vsorleyrn,670952355167323571,88 Gulseth Point,60
997,Madison,Shellum,mshellumro,6392126783532597,040 Dryden Crossing,29
998,Dewey,Nodin,dnodinrp,201641826289264,7 Prairie Rose Alley,24
999,Laural,Colebrook,lcolebrookrq,56107686931319149,768 Crowley Pass,51
1000,Godfrey,Radnage,gradnagerr,3568579236434768,1 Hudson Place,75
